{
  "dataset": "CHB-MIT",
  "cv": "Leave-One-Subject-Out",
  "n_subjects": 24,
  "model": "RandomForest(300,balanced)",
  "aggregate_confusion_matrix": {
    "matrix": [
      [
        12297,
        343
      ],
      [
        1145,
        435
      ]
    ],
    "labels": [
      "no-seizure",
      "seizure"
    ],
    "TP": 435,
    "TN": 12297,
    "FP": 343,
    "FN": 1145
  },
  "aggregate_metrics": {
    "accuracy": 0.8954,
    "precision": 0.5591,
    "recall": 0.2753,
    "sensitivity": 0.2753,
    "specificity": 0.9729,
    "npv": 0.9148,
    "f1": 0.369,
    "balanced_accuracy": 0.6241,
    "mcc": 0.343,
    "cohens_kappa": 0.319,
    "auc_mean": 0.8464
  },
  "per_subject_statistics": {
    "accuracy": {
      "mean": 0.9001027869977255,
      "std": 0.0846200188608936,
      "median": 0.9117724867724868,
      "q1": 0.8907407407407407,
      "q3": 0.9451724137931035,
      "min": 0.5555555555555556,
      "max": 0.9772079772079773,
      "ci95_low": 0.864364972716401,
      "ci95_high": 0.93584060127905
    },
    "sensitivity": {
      "mean": 0.35083986465958633,
      "std": 0.2964771019987092,
      "median": 0.2443262411347471,
      "q1": 0.07666552197802079,
      "q3": 0.6203622872108138,
      "min": 0.0,
      "max": 0.8974358974358744,
      "ci95_low": 0.2256278432901164,
      "ci95_high": 0.47605188602905624
    },
    "specificity": {
      "mean": 0.9687606522899879,
      "std": 0.08929601532772359,
      "median": 0.9972813644688616,
      "q1": 0.9842286299765781,
      "q3": 0.999999999999996,
      "min": 0.5689655172413769,
      "max": 0.9999999999999996,
      "ci95_low": 0.931048011063914,
      "ci95_high": 1.0064732935160619
    },
    "ppv": {
      "mean": 0.7026851828990003,
      "std": 0.37793711342558084,
      "median": 0.8811503811503579,
      "q1": 0.5499999999998233,
      "q3": 0.9999999999992,
      "min": 0.0,
      "max": 0.9999999999999525,
      "ci95_low": 0.5430699222143298,
      "ci95_high": 0.8623004435836708
    },
    "npv": {
      "mean": 0.9231610993292448,
      "std": 0.03352420165561215,
      "median": 0.9097150598051111,
      "q1": 0.8917450058754349,
      "q3": 0.9544258373205705,
      "min": 0.8853503184713362,
      "max": 0.9871794871794839,
      "ci95_low": 0.9090027274826554,
      "ci95_high": 0.9373194711758343
    },
    "f1": {
      "mean": 0.4118838800739413,
      "std": 0.3146888952486619,
      "median": 0.34070434070404443,
      "q1": 0.09793743078589254,
      "q3": 0.7519409937883109,
      "min": 0.0,
      "max": 0.8974358974353743,
      "ci95_low": 0.27898042003950707,
      "ci95_high": 0.5447873401083755
    },
    "auc": {
      "mean": 0.8463559034070078,
      "std": 0.1603481647280766,
      "median": 0.9354197485207101,
      "q1": 0.7123381204333585,
      "q3": 0.961009587585034,
      "min": 0.4887122770919067,
      "max": 1.0,
      "ci95_low": 0.7786356049652934,
      "ci95_high": 0.9140762018487223
    }
  },
  "accuracy_above_chance": {
    "t_stat": 23.163,
    "significant_p_lt_0_05": true
  }
}