{
  "cv": "Leave-One-Subject-Out",
  "n_subjects": 24,
  "models": {
    "SVM_RBF": {
      "global_at_0.5": {
        "accuracy": 0.8775668073136428,
        "sensitivity": 0.3658227848101266,
        "specificity": 0.9415348101265822,
        "precision": 0.43887623386484437,
        "f1": 0.39903348291335866,
        "auc": 0.7789528921647171,
        "mcc": 0.333202148831627
      },
      "subjective": {
        "accuracy": {
          "mean": 0.8814359282662366,
          "std": 0.10429938064835766,
          "median": 0.913289313904068,
          "min": 0.5287356321839081,
          "max": 0.98989898989899,
          "ci95": [
            0.8373868729074133,
            0.9254849836250599
          ],
          "worst_subject": "chb06"
        },
        "sensitivity": {
          "mean": 0.46063164796768286,
          "std": 0.2924886843687017,
          "median": 0.42978142076502734,
          "min": 0.011111111111111112,
          "max": 0.9090909090909091,
          "ci95": [
            0.3371040664087486,
            0.5841592295266171
          ],
          "worst_subject": "chb15"
        },
        "specificity": {
          "mean": 0.9340364633035559,
          "std": 0.1212760186882577,
          "median": 0.9824754901960784,
          "min": 0.4956896551724138,
          "max": 1.0,
          "ci95": [
            0.882817615907832,
            0.9852553106992799
          ],
          "worst_subject": "chb06"
        },
        "auc": {
          "mean": 0.8298493863926302,
          "std": 0.180510678065927,
          "median": 0.8994405884937251,
          "min": 0.4208333333333333,
          "max": 1.0,
          "ci95": [
            0.7536137960990271,
            0.9060849766862332
          ],
          "worst_subject": "chb14"
        },
        "mcc": {
          "mean": 0.4488462898540912,
          "std": 0.2946157506193018,
          "median": 0.4871625057694928,
          "min": -0.037163104945588284,
          "max": 0.9480909262799545,
          "ci95": [
            0.32442037832960846,
            0.5732722013785739
          ],
          "worst_subject": "chb13"
        }
      },
      "statistical_vs_RF": {
        "stat": 138.0,
        "p_value": 1.0,
        "significant_vs_RF": false,
        "mean_auc_delta_vs_RF": -0.016506517014377622
      }
    },
    "RandomForest": {
      "global_at_0.5": {
        "accuracy": 0.8953586497890296,
        "sensitivity": 0.27531645569620256,
        "specificity": 0.9728639240506329,
        "precision": 0.5591259640102828,
        "f1": 0.36895674300254455,
        "auc": 0.7783627924210863,
        "mcc": 0.3429634041312019
      },
      "subjective": {
        "accuracy": {
          "mean": 0.9001027869977255,
          "std": 0.0846200188608936,
          "median": 0.9117724867724868,
          "min": 0.5555555555555556,
          "max": 0.9772079772079773,
          "ci95": [
            0.864364972716401,
            0.93584060127905
          ],
          "worst_subject": "chb06"
        },
        "sensitivity": {
          "mean": 0.350839864659597,
          "std": 0.29647710199871785,
          "median": 0.24432624113475176,
          "min": 0.0,
          "max": 0.8974358974358975,
          "ci95": [
            0.22562784329012342,
            0.47605188602907056
          ],
          "worst_subject": "chb14"
        },
        "specificity": {
          "mean": 0.9687606522899914,
          "std": 0.08929601532772415,
          "median": 0.9972813644688645,
          "min": 0.5689655172413793,
          "max": 1.0,
          "ci95": [
            0.9310480110639173,
            1.0064732935160656
          ],
          "worst_subject": "chb06"
        },
        "auc": {
          "mean": 0.8463559034070078,
          "std": 0.1603481647280766,
          "median": 0.9354197485207101,
          "min": 0.4887122770919067,
          "max": 1.0,
          "ci95": [
            0.7786356049652934,
            0.9140762018487223
          ],
          "worst_subject": "chb15"
        },
        "mcc": {
          "mean": 0.4210329896217843,
          "std": 0.3177920759169198,
          "median": 0.4319313875688635,
          "min": -0.030971777746943714,
          "max": 0.8846153846153846,
          "ci95": [
            0.28681895443153604,
            0.5552470248120326
          ],
          "worst_subject": "chb13"
        }
      },
      "statistical_vs_RF": {
        "note": "reference model"
      }
    },
    "XGBoost": {
      "global_at_0.5": {
        "accuracy": 0.8746132208157524,
        "sensitivity": 0.3518987341772152,
        "specificity": 0.9399525316455696,
        "precision": 0.42281368821292775,
        "f1": 0.38411053540587214,
        "auc": 0.7704460923730171,
        "mcc": 0.3166079245685841
      },
      "subjective": {
        "accuracy": {
          "mean": 0.8840133511730567,
          "std": 0.10185649326210613,
          "median": 0.9101753349093775,
          "min": 0.5057471264367817,
          "max": 0.9696969696969697,
          "ci95": [
            0.8409960074221399,
            0.9270306949239735
          ],
          "worst_subject": "chb06"
        },
        "sensitivity": {
          "mean": 0.42428536189188737,
          "std": 0.31722742021014244,
          "median": 0.2859929078014184,
          "min": 0.0,
          "max": 0.9230769230769231,
          "ci95": [
            0.29030979935921286,
            0.5582609244245619
          ],
          "worst_subject": "chb14"
        },
        "specificity": {
          "mean": 0.9414793498332026,
          "std": 0.12102058934885918,
          "median": 0.9915229885057472,
          "min": 0.46551724137931033,
          "max": 1.0,
          "ci95": [
            0.8903683786400169,
            0.9925903210263882
          ],
          "worst_subject": "chb06"
        },
        "auc": {
          "mean": 0.8366264773958433,
          "std": 0.16775710791461862,
          "median": 0.9213463571703191,
          "min": 0.5040277777777777,
          "max": 0.9989669421487604,
          "ci95": [
            0.7657771388146224,
            0.9074758159770642
          ],
          "worst_subject": "chb14"
        },
        "mcc": {
          "mean": 0.427970559167935,
          "std": 0.2947891394517959,
          "median": 0.4310144331615162,
          "min": -0.029250896965085225,
          "max": 0.8386278693775346,
          "ci95": [
            0.30347141984254244,
            0.5524696984933276
          ],
          "worst_subject": "chb13"
        }
      },
      "statistical_vs_RF": {
        "stat": 121.0,
        "p_value": 0.4223414659500122,
        "significant_vs_RF": false,
        "mean_auc_delta_vs_RF": -0.00972942601116461
      }
    },
    "MLP": {
      "global_at_0.5": {
        "accuracy": 0.8367088607594937,
        "sensitivity": 0.4506329113924051,
        "specificity": 0.8849683544303798,
        "precision": 0.32871652816251157,
        "f1": 0.3801388147357181,
        "auc": 0.7161964228489024,
        "mcc": 0.29351537193577637
      },
      "subjective": {
        "accuracy": {
          "mean": 0.8623874394093102,
          "std": 0.11512083875996965,
          "median": 0.9062705886912374,
          "min": 0.5057471264367817,
          "max": 0.9797979797979798,
          "ci95": [
            0.8137681267348785,
            0.9110067520837418
          ],
          "worst_subject": "chb06"
        },
        "sensitivity": {
          "mean": 0.5134271565292862,
          "std": 0.2897674318441945,
          "median": 0.4727941176470588,
          "min": 0.07692307692307693,
          "max": 0.9743589743589743,
          "ci95": [
            0.3910488493222437,
            0.6358054637363286
          ],
          "worst_subject": "chb04"
        },
        "specificity": {
          "mean": 0.9060074747693133,
          "std": 0.13457062517346438,
          "median": 0.9657051282051282,